eventHyperlink,eventLink,location 
http://ufcstats.com/event-details/e15d0a2519d6a0b5,"UFC Fight Night: Santos vs. WalkerOctober 02, 2021","Las Vegas, Nevada, USA"
http://ufcstats.com/event-details/0eec866a077889f0,"UFC 266: Volkanovski vs. OrtegaSeptember 25, 2021","Las Vegas, Nevada, USA"
http://ufcstats.com/event-details/4c27ca8c8481f79a,"UFC Fight Night: Smith vs. SpannSeptember 18, 2021","Las Vegas, Nevada, USA"
http://ufcstats.com/event-details/b9532d815060de7f,"UFC Fight Night: Brunson vs. TillSeptember 04, 2021","Las Vegas, Nevada, USA"
http://ufcstats.com/event-details/0db9d2486d564a3c,"UFC Fight Night: Barboza vs. ChikadzeAugust 28, 2021","Las Vegas, Nevada, USA"
http://ufcstats.com/event-details/2f13e4020cea5b38,"UFC Fight Night: Cannonier vs. GastelumAugust 21, 2021","Las Vegas, Nevada, USA"
http://ufcstats.com/event-details/972197a8c61ac413,"UFC 265: Lewis vs. GaneAugust 07, 2021","Houston, Texas, USA"
http://ufcstats.com/event-details/320edfb0332b7073,"UFC Fight Night: Hall vs. StricklandJuly 31, 2021","Las Vegas, Nevada, USA"
http://ufcstats.com/event-details/e57f0b06ea39e360,"UFC Fight Night: Sandhagen vs. DillashawJuly 24, 2021","Las Vegas, Nevada, USA"
http://ufcstats.com/event-details/40389d39a92f5bfa,"UFC Fight Night: Makhachev vs. MoisesJuly 17, 2021","Las Vegas, Nevada, USA"
http://ufcstats.com/event-details/8a0be41c0380188d,"UFC 264: Poirier vs. McGregor 3July 10, 2021","Las Vegas, Nevada, USA"
http://ufcstats.com/event-details/a1d6b308781aa2f5,"UFC Fight Night: Gane vs. VolkovJune 26, 2021","Las Vegas, Nevada, USA"
http://ufcstats.com/event-details/9ddfb3369a3b0394,"UFC Fight Night: Jung vs. IgeJune 19, 2021","Las Vegas, Nevada, USA"
http://ufcstats.com/event-details/0b64d0fed453ef7f,"UFC 263: Adesanya vs. Vettori 2June 12, 2021","Glendale, Arizona, USA"
http://ufcstats.com/event-details/3b2485c8d5c8b580,"UFC Fight Night: Rozenstruik vs. SakaiJune 05, 2021","Las Vegas, Nevada, USA"
http://ufcstats.com/event-details/277ffed20cf07aea,"UFC Fight Night: Font vs. GarbrandtMay 22, 2021","Las Vegas, Nevada, USA"
http://ufcstats.com/event-details/744f50016c39c26c,"UFC 262: Oliveira vs. ChandlerMay 15, 2021","Houston, Texas, USA"
http://ufcstats.com/event-details/58a36b4ccf5dc30e,"UFC Fight Night: Rodriguez vs. WatersonMay 08, 2021","Las Vegas, Nevada, USA"
http://ufcstats.com/event-details/d57e6a8971b6d2bd,"UFC Fight Night: Reyes vs. ProchazkaMay 01, 2021","Las Vegas, Nevada, USA"
http://ufcstats.com/event-details/27541033b97c076d,"UFC 261: Usman vs. Masvidal 2April 24, 2021","Jacksonville, Florida, USA"
http://ufcstats.com/event-details/4a35913bd9aa4161,"UFC Fight Night: Whittaker vs. GastelumApril 17, 2021","Las Vegas, Nevada, USA"
http://ufcstats.com/event-details/9114c8ded5ccd71d,"UFC Fight Night: Vettori vs. HollandApril 10, 2021","Las Vegas, Nevada, USA"
http://ufcstats.com/event-details/6597b611f1c32555,"UFC 260: Miocic vs. NgannouMarch 27, 2021","Las Vegas, Nevada, USA"
http://ufcstats.com/event-details/c36e1f4fa755ffb4,"UFC Fight Night: Brunson vs. HollandMarch 20, 2021","Las Vegas, Nevada, USA"
http://ufcstats.com/event-details/8c90c1563972e44d,"UFC Fight Night: Edwards vs. MuhammadMarch 13, 2021","Las Vegas, Nevada, USA"
http://ufcstats.com/event-details/6e2b1d631832921d,"UFC 259: Blachowicz vs. AdesanyaMarch 06, 2021","Las Vegas, Nevada, USA"
http://ufcstats.com/event-details/81b57acd6975ac06,"UFC Fight Night: Rozenstruik vs. GaneFebruary 27, 2021","Las Vegas, Nevada, USA"
http://ufcstats.com/event-details/bfe95ec546692b13,"UFC Fight Night: Blaydes vs. LewisFebruary 20, 2021","Las Vegas, Nevada, USA"
http://ufcstats.com/event-details/3f7c14c7eca7195d,"UFC 258: Usman vs. BurnsFebruary 13, 2021","Las Vegas, Nevada, USA"
http://ufcstats.com/event-details/a1153013cb5f628f,"UFC Fight Night: Overeem vs. VolkovFebruary 06, 2021","Las Vegas, Nevada, USA"
http://ufcstats.com/event-details/4304992c2acc187b,"UFC 257: Poirier vs. McGregorJanuary 23, 2021","Abu Dhabi, Abu Dhabi, United Arab Emirates"
http://ufcstats.com/event-details/56116537d71a578c,"UFC Fight Night: Chiesa vs. MagnyJanuary 20, 2021","Abu Dhabi, Abu Dhabi, United Arab Emirates"
http://ufcstats.com/event-details/307064d3e0f036c2,"UFC Fight Night: Holloway vs. KattarJanuary 16, 2021","Abu Dhabi, Abu Dhabi, United Arab Emirates"
http://ufcstats.com/event-details/e49c2db95e572dc8,"UFC Fight Night: Thompson vs. NealDecember 19, 2020","Las Vegas, Nevada, USA"
http://ufcstats.com/event-details/d0d43cb9b14f231c,"UFC 256: Figueiredo vs. MorenoDecember 12, 2020","Las Vegas, Nevada, USA"
http://ufcstats.com/event-details/398b440e73d55b8b,"UFC Fight Night: Hermansson vs. VettoriDecember 05, 2020","Las Vegas, Nevada, USA"
http://ufcstats.com/event-details/992c82450d96f726,"UFC Fight Night: Smith vs. ClarkNovember 28, 2020","Las Vegas, Nevada, USA"
http://ufcstats.com/event-details/bbb15f301e4a490a,"UFC 255: Figueiredo vs. PerezNovember 21, 2020","Las Vegas, Nevada, USA"
http://ufcstats.com/event-details/3bc27ec15facbcf3,"UFC Fight Night: Felder vs. Dos AnjosNovember 14, 2020","Las Vegas, Nevada, USA"
http://ufcstats.com/event-details/41dca66f9dadfc86,"UFC Fight Night: Santos vs. TeixeiraNovember 07, 2020","Las Vegas, Nevada, USA"
http://ufcstats.com/event-details/ad044be25c94dcfd,"UFC Fight Night: Hall vs. SilvaOctober 31, 2020","Las Vegas, Nevada, USA"
http://ufcstats.com/event-details/c3c38c86f5ab9b5c,"UFC 254: Khabib vs. GaethjeOctober 24, 2020","Abu Dhabi, Abu Dhabi, United Arab Emirates"
http://ufcstats.com/event-details/d4f364dd076bb0e2,"UFC Fight Night: Ortega vs. The Korean ZombieOctober 17, 2020","Abu Dhabi, Abu Dhabi, United Arab Emirates"
http://ufcstats.com/event-details/fd4578cac86d75ca,"UFC Fight Night: Moraes vs. SandhagenOctober 10, 2020","Abu Dhabi, Abu Dhabi, United Arab Emirates"
http://ufcstats.com/event-details/805ad1801eb26abb,"UFC Fight Night: Holm vs. AldanaOctober 03, 2020","Abu Dhabi, Abu Dhabi, United Arab Emirates"
http://ufcstats.com/event-details/e69c5ce12f4e762b,"UFC 253: Adesanya vs. CostaSeptember 26, 2020","Abu Dhabi, Abu Dhabi, United Arab Emirates"
http://ufcstats.com/event-details/831b937811804dad,"UFC Fight Night: Covington vs. WoodleySeptember 19, 2020","Las Vegas, Nevada, USA"
http://ufcstats.com/event-details/9c37681096c6f3a9,"UFC Fight Night: Waterson vs. HillSeptember 12, 2020","Las Vegas, Nevada, USA"
http://ufcstats.com/event-details/542db012217ecb83,"UFC Fight Night: Overeem vs. SakaiSeptember 05, 2020","Las Vegas, Nevada, USA"
http://ufcstats.com/event-details/e29cf523ebd155c5,"UFC Fight Night: Smith vs. RakicAugust 29, 2020","Las Vegas, Nevada, USA"
http://ufcstats.com/event-details/af1e5c64b8663aa0,"UFC Fight Night: Munhoz vs. EdgarAugust 22, 2020","Las Vegas, Nevada, USA"
http://ufcstats.com/event-details/bda04c573563cc2e,"UFC 252: Miocic vs. Cormier 3August 15, 2020","Las Vegas, Nevada, USA"
http://ufcstats.com/event-details/7a82635ffa9b59fe,"UFC Fight Night: Lewis vs. OleinikAugust 08, 2020","Las Vegas, Nevada, USA"
http://ufcstats.com/event-details/3746e21bb508391a,"UFC Fight Night: Brunson vs. ShahbazyanAugust 01, 2020","Las Vegas, Nevada, USA"
http://ufcstats.com/event-details/dde70a112e053a6c,"UFC Fight Night: Whittaker vs. TillJuly 25, 2020","Abu Dhabi, Abu Dhabi, United Arab Emirates"
http://ufcstats.com/event-details/ddbd0d6259ce57cc,"UFC Fight Night: Figueiredo vs. Benavidez 2July 18, 2020","Abu Dhabi, Abu Dhabi, United Arab Emirates"
http://ufcstats.com/event-details/18f5669a92e99d92,"UFC Fight Night: Kattar vs. IgeJuly 15, 2020","Abu Dhabi, Abu Dhabi, United Arab Emirates"
http://ufcstats.com/event-details/dbd198f780286aca,"UFC 251: Usman vs. MasvidalJuly 11, 2020","Abu Dhabi, Abu Dhabi, United Arab Emirates"
http://ufcstats.com/event-details/c32eab6c2119e989,"UFC Fight Night: Poirier vs. HookerJune 27, 2020","Las Vegas, Nevada, USA"
http://ufcstats.com/event-details/2eab7a6c8b0ed8cc,"UFC Fight Night: Blaydes vs. VolkovJune 20, 2020","Las Vegas, Nevada, USA"
http://ufcstats.com/event-details/1e13936d708bcff7,"UFC Fight Night: Eye vs. CalvilloJune 13, 2020","Las Vegas, Nevada, USA"
http://ufcstats.com/event-details/4c12aa7ca246e7a4,"UFC 250: Nunes vs. SpencerJune 06, 2020","Las Vegas, Nevada, USA"
http://ufcstats.com/event-details/14b9e0f2679a2205,"UFC Fight Night: Woodley vs. BurnsMay 30, 2020","Las Vegas, Nevada, USA"
http://ufcstats.com/event-details/dfb965c9824425db,"UFC Fight Night: Overeem vs. HarrisMay 16, 2020","Jacksonville, Florida, USA"
http://ufcstats.com/event-details/5f8e00c27b7e7410,"UFC Fight Night: Smith vs. TeixeiraMay 13, 2020","Jacksonville, Florida, USA"
http://ufcstats.com/event-details/898337ef520fe4d3,"UFC 249: Ferguson vs. GaethjeMay 09, 2020","Jacksonville, Florida, USA"
http://ufcstats.com/event-details/53278852bcd91e11,"UFC Fight Night: Lee vs. OliveiraMarch 14, 2020","Brasilia, Distrito Federal, Brazil"
http://ufcstats.com/event-details/0b5b6876c2a4723f,"UFC 248: Adesanya vs. RomeroMarch 07, 2020","Las Vegas, Nevada, USA"
http://ufcstats.com/event-details/fc9a9559a05f2704,"UFC Fight Night: Benavidez vs. FigueiredoFebruary 29, 2020","Norfolk, Virginia, USA"
http://ufcstats.com/event-details/33b2f68ef95252e0,"UFC Fight Night: Felder vs. HookerFebruary 22, 2020","Auckland, New Zealand"
http://ufcstats.com/event-details/5df17b3620145578,"UFC Fight Night: Anderson vs. BlachowiczFebruary 15, 2020","Rio Rancho, New Mexico, USA"
http://ufcstats.com/event-details/b26d3e3746fb4024,"UFC 247: Jones vs. ReyesFebruary 08, 2020","Houston, Texas, USA"
http://ufcstats.com/event-details/44aa652b181bcf68,"UFC Fight Night: Blaydes vs. Dos SantosJanuary 25, 2020","Raleigh, North Carolina, USA"
http://ufcstats.com/event-details/0c1773639c795466,"UFC 246: McGregor vs. CowboyJanuary 18, 2020","Las Vegas, Nevada, USA"
http://ufcstats.com/event-details/74fefd43f073cd2f,"UFC Fight Night: Edgar vs. The Korean ZombieDecember 21, 2019","Busan, South Korea"
http://ufcstats.com/event-details/4565d435005319c0,"UFC 245: Usman vs. CovingtonDecember 14, 2019","Las Vegas, Nevada, USA"
http://ufcstats.com/event-details/b09890ba7ce1d1e2,"UFC Fight Night: Overeem vs. RozenstruikDecember 07, 2019","Washington, DC, USA"
http://ufcstats.com/event-details/81ca2c245b19b3c5,"UFC Fight Night: Blachowicz vs. JacareNovember 16, 2019","Sao Paulo, Sao Paulo, Brazil"
http://ufcstats.com/event-details/8d5daf67983b65ba,"UFC Fight Night: Zabit vs. KattarNovember 09, 2019","Moscow, Moscow, Russia"
http://ufcstats.com/event-details/fd87b1bbfcde9d5e,"UFC 244: Masvidal vs. DiazNovember 02, 2019","New York City, New York, USA"
http://ufcstats.com/event-details/df05aa15b2d66f57,"UFC Fight Night: Maia vs. AskrenOctober 26, 2019","Kallang, Singapore"
http://ufcstats.com/event-details/3ae10ac4df3df05c,"UFC Fight Night: Reyes vs. WeidmanOctober 18, 2019","Boston, Massachusetts, USA"
http://ufcstats.com/event-details/0941df56f6ac954b,"UFC Fight Night: Joanna vs. WatersonOctober 12, 2019","Tampa, Florida, USA"
http://ufcstats.com/event-details/3cf68c1d17f66af7,"UFC 243: Whittaker vs. AdesanyaOctober 05, 2019","Melbourne, Victoria, Australia"
http://ufcstats.com/event-details/1bf49bf829964144,"UFC Fight Night: Hermansson vs. CannonierSeptember 28, 2019","Copenhagen, Denmark"
http://ufcstats.com/event-details/94a5aaf573f780ad,"UFC Fight Night: Rodriguez vs. StephensSeptember 21, 2019","Mexico City, Distrito Federal, Mexico"
http://ufcstats.com/event-details/4834ff149dc9542a,"UFC Fight Night: Cowboy vs. GaethjeSeptember 14, 2019","Vancouver, British Columbia, Canada"
http://ufcstats.com/event-details/a79bfbc01b2264d6,"UFC 242: Khabib vs. PoirierSeptember 07, 2019","Abu Dhabi, Abu Dhabi, United Arab Emirates"
http://ufcstats.com/event-details/2c104b7e59a72629,"UFC Fight Night: Andrade vs. ZhangAugust 31, 2019","Shenzhen, Guangdong, China"
http://ufcstats.com/event-details/70167689d6a01793,"UFC 241: Cormier vs. Miocic 2August 17, 2019","Anaheim, California, USA"
http://ufcstats.com/event-details/e5d03e4d966126bd,"UFC Fight Night: Shevchenko vs. Carmouche 2August 10, 2019","Montevideo, Uruguay"
http://ufcstats.com/event-details/03da33a102d9a45f,"UFC Fight Night: Covington vs. LawlerAugust 03, 2019","Newark, New Jersey, USA"
http://ufcstats.com/event-details/abcf7e55a0a9ed89,"UFC 240: Holloway vs. EdgarJuly 27, 2019","Edmonton, Alberta, Canada"
http://ufcstats.com/event-details/9e0f28d1f639ad73,"UFC Fight Night: Dos Anjos vs. EdwardsJuly 20, 2019","San Antonio, Texas, USA"
http://ufcstats.com/event-details/2f8f3c69522db931,"UFC Fight Night: De Randamie vs. LaddJuly 13, 2019","Sacramento, California, USA"
http://ufcstats.com/event-details/6c9383ffab2725a5,"UFC 239: Jones vs. SantosJuly 06, 2019","Las Vegas, Nevada, USA"
http://ufcstats.com/event-details/c0c1bc0766df4c00,"UFC Fight Night: Ngannou vs. Dos SantosJune 29, 2019","Minneapolis, Minnesota, USA"
http://ufcstats.com/event-details/b16a7e6a627e9789,"UFC Fight Night: Moicano vs. The Korean ZombieJune 22, 2019","Greenville, South Carolina, USA"
http://ufcstats.com/event-details/e31502e3f79d00c5,"UFC 238: Cejudo vs. MoraesJune 08, 2019","Chicago, Illinois, USA"
http://ufcstats.com/event-details/cbc071cb20ea59c7,"UFC Fight Night: Gustafsson vs. SmithJune 01, 2019","Stockholm, Sweden"
http://ufcstats.com/event-details/6b8f28da9a483049,"UFC Fight Night: Dos Anjos vs. LeeMay 18, 2019","Rochester, New York, USA"
http://ufcstats.com/event-details/9de7c97e1c0d7927,"UFC 237: Namajunas vs. AndradeMay 11, 2019","Rio de Janeiro, Rio de Janeiro, Brazil"
http://ufcstats.com/event-details/351264d11286d09a,"UFC Fight Night: Iaquinta vs. CowboyMay 04, 2019","Ottawa, Ontario, Canada"
http://ufcstats.com/event-details/c912f676692c353a,"UFC Fight Night: Jacare vs. HermanssonApril 27, 2019","Sunrise, Florida, USA"
http://ufcstats.com/event-details/7dcf06c1967801c1,"UFC Fight Night: Overeem vs. OleinikApril 20, 2019","Saint Petersburg, Saint Petersburg, Russia"
http://ufcstats.com/event-details/b0550072e5f0afa7,"UFC 236: Holloway vs. Poirier 2April 13, 2019","Atlanta, Georgia, USA"
http://ufcstats.com/event-details/9649d75defe0dedb,"UFC Fight Night: Barboza vs. GaethjeMarch 30, 2019","Philadelphia, Pennsylvania, USA"
http://ufcstats.com/event-details/487c170da059857d,"UFC Fight Night: Thompson vs. PettisMarch 23, 2019","Nashville, Tennessee, USA"
http://ufcstats.com/event-details/80eacd4da0617c57,"UFC Fight Night: Till vs. MasvidalMarch 16, 2019","London, England, United Kingdom"
http://ufcstats.com/event-details/e96d8538d3f9d0ed,"UFC Fight Night: Lewis vs. Dos SantosMarch 09, 2019","Wichita, Kansas, USA"
http://ufcstats.com/event-details/2d5fbe2103f97053,"UFC 235: Jones vs. SmithMarch 02, 2019","Las Vegas, Nevada, USA"
http://ufcstats.com/event-details/6546af7ab545b90c,"UFC Fight Night: Blachowicz vs. SantosFebruary 23, 2019","Prague, Czech Republic"
http://ufcstats.com/event-details/a7a79b8efbceaaac,"UFC Fight Night: Ngannou vs. VelasquezFebruary 17, 2019","Phoenix, Arizona, USA"
http://ufcstats.com/event-details/b5882371e2a3900d,"UFC 234: Adesanya vs. SilvaFebruary 09, 2019","Melbourne, Victoria, Australia"
http://ufcstats.com/event-details/84283233ec42be5f,"UFC Fight Night: Assuncao vs. Moraes 2February 02, 2019","Fortaleza, Ceara, Brazil"
http://ufcstats.com/event-details/d4da8995fc91e7ef,"UFC Fight Night: Cejudo vs. DillashawJanuary 19, 2019","Brooklyn, New York, USA"
http://ufcstats.com/event-details/c046100aea0dba9a,"UFC 232: Jones vs. Gustafsson 2December 29, 2018","Los Angeles, California, USA"
http://ufcstats.com/event-details/7a703c565ccaa18f,"UFC Fight Night: Lee vs. IaquintaDecember 15, 2018","Milwaukee, Wisconsin, USA"
http://ufcstats.com/event-details/2a74bbba57058f12,"UFC 231: Holloway vs. OrtegaDecember 08, 2018","Toronto, Ontario, Canada"
http://ufcstats.com/event-details/d1d20e651e6cbc02,"UFC Fight Night: Dos Santos vs. TuivasaDecember 01, 2018","Adelaide, South Australia, Australia"
http://ufcstats.com/event-details/c7ac79839e86ce33,"The Ultimate Fighter: Heavy Hitters FinaleNovember 30, 2018","Las Vegas, Nevada, USA"
http://ufcstats.com/event-details/de25520d54eab12d,"UFC Fight Night: Blaydes vs. Ngannou 2November 24, 2018","Beijing, China"
http://ufcstats.com/event-details/aa3153a9941b4d44,"UFC Fight Night: Magny vs. PonzinibbioNovember 17, 2018","Buenos Aires, Buenos Aires, Argentina"
http://ufcstats.com/event-details/42c96a9c4802e2e1,"UFC Fight Night: Korean Zombie vs. RodriguezNovember 10, 2018","Denver, Colorado, USA"
http://ufcstats.com/event-details/20821819c401ced8,"UFC 230: Cormier vs. LewisNovember 03, 2018","New York City, New York, USA"
http://ufcstats.com/event-details/33a331684283900f,"UFC Fight Night: Oezdemir vs. SmithOctober 27, 2018","Moncton, New Brunswick, Canada"
http://ufcstats.com/event-details/1ef0eae31904e534,"UFC 229: Khabib vs. McGregorOctober 06, 2018","Las Vegas, Nevada, USA"
http://ufcstats.com/event-details/852454c572675334,"UFC Fight Night: Marreta vs. AndersSeptember 22, 2018","Sao Paulo, Sao Paulo, Brazil"
http://ufcstats.com/event-details/8d49545dadf9b919,"UFC Fight Night: Hunt vs. OleinikSeptember 15, 2018","Moscow, Moscow, Russia"
http://ufcstats.com/event-details/d5ae8074631762fc,"UFC 228: Woodley vs. TillSeptember 08, 2018","Dallas, Texas, USA"
http://ufcstats.com/event-details/c0342805a1948cbb,"UFC Fight Night: Gaethje vs. VickAugust 25, 2018","Lincoln, Nebraska, USA"
http://ufcstats.com/event-details/03b1e846b09f721d,"UFC 227: Dillashaw vs. Garbrandt 2August 04, 2018","Los Angeles, California, USA"
http://ufcstats.com/event-details/322a56923b396b4d,"UFC Fight Night: Alvarez vs. Poirier 2July 28, 2018","Calgary, Alberta, Canada"
http://ufcstats.com/event-details/4f732e58ed907eff,"UFC Fight Night: Shogun vs. SmithJuly 22, 2018","Hamburg, Hamburg, Germany"
http://ufcstats.com/event-details/b45d6b73f4ca4467,"UFC Fight Night: Dos Santos vs. IvanovJuly 14, 2018","Boise, Idaho, USA"
http://ufcstats.com/event-details/35585d970300d45a,"UFC 226: Miocic vs. CormierJuly 07, 2018","Las Vegas, Nevada, USA"
http://ufcstats.com/event-details/8215e4fe24e8e81b,"The Ultimate Fighter: Undefeated FinaleJuly 06, 2018","Las Vegas, Nevada, USA"
http://ufcstats.com/event-details/ac5f67109accb482,"UFC Fight Night: Cowboy vs. EdwardsJune 23, 2018","Kallang, Singapore"
http://ufcstats.com/event-details/2eae41f61776c60f,"UFC 225: Whittaker vs. Romero 2June 09, 2018","Chicago, Illinois, USA"
http://ufcstats.com/event-details/d29b5c4f22c6357d,"UFC Fight Night: Rivera vs. MoraesJune 01, 2018","Utica, New York, USA"
http://ufcstats.com/event-details/f5990c11974d8e9c,"UFC Fight Night: Thompson vs. TillMay 27, 2018","Liverpool, England, United Kingdom"
http://ufcstats.com/event-details/3144121470023e9a,"UFC Fight Night: Maia vs. UsmanMay 19, 2018","Santiago, Chile"
http://ufcstats.com/event-details/67ec58d7cf599835,"UFC 224: Nunes vs. PenningtonMay 12, 2018","Rio de Janeiro, Rio de Janeiro, Brazil"
http://ufcstats.com/event-details/ad99fa5325519169,"UFC Fight Night: Barboza vs. LeeApril 21, 2018","Atlantic City, New Jersey, USA"
http://ufcstats.com/event-details/620be7e0712d431b,"UFC Fight Night: Poirier vs. GaethjeApril 14, 2018","Glendale, Arizona, USA"
http://ufcstats.com/event-details/49e7e05f902479ca,"UFC 223: Khabib vs. IaquintaApril 07, 2018","Brooklyn, New York, USA"
http://ufcstats.com/event-details/eed2b71d77d95416,"UFC Fight Night: Werdum vs. VolkovMarch 17, 2018","London, England, United Kingdom"
http://ufcstats.com/event-details/7929be8290289a47,"UFC 222: Cyborg vs. KunitskayaMarch 03, 2018","Las Vegas, Nevada, USA"
http://ufcstats.com/event-details/daa89f01e1c0f42a,"UFC Fight Night: Emmett vs. StephensFebruary 24, 2018","Orlando, Florida, USA"
http://ufcstats.com/event-details/d181689653115b6a,"UFC Fight Night: Cerrone vs. MedeirosFebruary 18, 2018","Austin, Texas, USA"
http://ufcstats.com/event-details/15515e797aedc137,"UFC 221: Romero vs. RockholdFebruary 10, 2018","Perth, Western Australia, Australia"
http://ufcstats.com/event-details/7cf20446453f852b,"UFC Fight Night: Machida vs. AndersFebruary 03, 2018","Belem, Para, Brazil"
http://ufcstats.com/event-details/602bb270f2bdbf02,"UFC Fight Night: Jacare vs. Brunson 2January 27, 2018","Charlotte, North Carolina, USA"
http://ufcstats.com/event-details/02177caefe7c07d4,"UFC 220: Miocic vs. NgannouJanuary 20, 2018","Boston, Massachusetts, USA"
http://ufcstats.com/event-details/fc1868f56d3036eb,"UFC Fight Night: Stephens vs. ChoiJanuary 14, 2018","St. Louis, Missouri, USA"
http://ufcstats.com/event-details/04076783ca83d6ae,"UFC 219: Cyborg vs. HolmDecember 30, 2017","Las Vegas, Nevada, USA"
http://ufcstats.com/event-details/eaa0a728cc91ef60,"UFC Fight Night: Lawler vs. Dos AnjosDecember 16, 2017","Winnipeg, Manitoba, Canada"
http://ufcstats.com/event-details/bcd124bcd3d5be46,"UFC Fight Night: Swanson vs. OrtegaDecember 09, 2017","Fresno, California, USA"
http://ufcstats.com/event-details/9e30f69cc0869301,"UFC 218: Holloway vs. Aldo 2December 02, 2017","Detroit, Michigan, USA"
http://ufcstats.com/event-details/30e8b4505f5ccf92,"The Ultimate Fighter: A New World Champion FinaleDecember 01, 2017","Las Vegas, Nevada, USA"
http://ufcstats.com/event-details/e7bc606d269896aa,"UFC Fight Night: Bisping vs. GastelumNovember 25, 2017","Shanghai, Hebei, China"
http://ufcstats.com/event-details/caced97768818230,"UFC Fight Night: Werdum vs. TyburaNovember 18, 2017","Sydney, New South Wales, Australia"
http://ufcstats.com/event-details/d856a0080ac09ed7,"UFC Fight Night: Poirier vs. PettisNovember 11, 2017","Norfolk, Virginia, USA"
http://ufcstats.com/event-details/a25b71fe5e31fa97,"UFC 217: Bisping vs. St-PierreNovember 04, 2017","New York City, New York, USA"
http://ufcstats.com/event-details/a7724f51e32e763e,"UFC Fight Night: Brunson vs. MachidaOctober 28, 2017","Sao Paulo, Sao Paulo, Brazil"
http://ufcstats.com/event-details/d6b68eaf4b68b160,"UFC Fight Night: Cerrone vs. TillOctober 21, 2017","Gdansk, Poland"
http://ufcstats.com/event-details/cc5834a495d1ea08,"UFC 216: Ferguson vs. LeeOctober 07, 2017","Las Vegas, Nevada, USA"
http://ufcstats.com/event-details/9211aae062b799d6,"UFC Fight Night: Saint Preux vs. OkamiSeptember 22, 2017","Saitama, Saitama, Japan"
http://ufcstats.com/event-details/1979c80150f630c4,"UFC Fight Night: Rockhold vs. BranchSeptember 16, 2017","Pittsburgh, Pennsylvania, USA"
http://ufcstats.com/event-details/d86e913c548c07c2,"UFC 215: Nunes vs Shevchenko 2September 09, 2017","Edmonton, Alberta, Canada"
http://ufcstats.com/event-details/a3244e3238541482,"UFC Fight Night: Volkov vs. StruveSeptember 02, 2017","Rotterdam, Zuid-Holland, Netherlands"
http://ufcstats.com/event-details/f4a031ac205ac580,"UFC Fight Night: Pettis vs. MorenoAugust 05, 2017","Mexico City, Distrito Federal, Mexico"
http://ufcstats.com/event-details/ff9578cdbfabd323,"UFC 214: Cormier vs. Jones 2July 29, 2017","Anaheim, California, USA"
http://ufcstats.com/event-details/9f3d6ddef3d3cccc,"UFC Fight Night: Weidman vs. GastelumJuly 22, 2017","Uniondale, New York, USA"
http://ufcstats.com/event-details/d7907a9a968e4d29,"UFC Fight Night: Nelson vs. PonzinibbioJuly 16, 2017","Glasgow, Scotland, United Kingdom"
http://ufcstats.com/event-details/686cccbf1a4de453,"UFC 213: Romero vs. WhittakerJuly 08, 2017","Las Vegas, Nevada, USA"
http://ufcstats.com/event-details/23bd78c3f89bdb54,"The Ultimate Fighter: Redemption FinaleJuly 07, 2017","Las Vegas, Nevada, USA"
http://ufcstats.com/event-details/99bf06f20491cb54,"UFC Fight Night: Chiesa vs. LeeJune 25, 2017","Oklahoma City, Oklahoma, USA"
http://ufcstats.com/event-details/353de740bb6c7e75,"UFC Fight Night: Holm vs. CorreiaJune 17, 2017","Kallang, Singapore"
http://ufcstats.com/event-details/90e7447d8b7f3f35,"UFC Fight Night: Lewis vs. HuntJune 10, 2017","Auckland, New Zealand"
http://ufcstats.com/event-details/1507214bbc7a79e2,"UFC 212: Aldo vs. HollowayJune 03, 2017","Rio de Janeiro, Rio de Janeiro, Brazil"
http://ufcstats.com/event-details/1c7cce2f5c17160d,"UFC Fight Night: Gustafsson vs. TeixeiraMay 28, 2017","Stockholm, Sweden"
http://ufcstats.com/event-details/5df10509264586e5,"UFC 211: Miocic vs. Dos SantosMay 13, 2017","Dallas, Texas, USA"
http://ufcstats.com/event-details/bc7f7f0ba3db74d2,"UFC Fight Night: Swanson vs. LobovApril 22, 2017","Nashville, Tennessee, USA"
http://ufcstats.com/event-details/ed069a95aaaf4f56,"UFC on FOX: Johnson vs. ReisApril 15, 2017","Kansas City, Missouri, USA"
http://ufcstats.com/event-details/e7bfdb5e0112891e,"UFC 210: Cormier vs. Johnson 2April 08, 2017","Buffalo, New York, USA"
http://ufcstats.com/event-details/c0231720fe516994,"UFC Fight Night: Manuwa vs. AndersonMarch 18, 2017","London, England, United Kingdom"
http://ufcstats.com/event-details/47b7e4e60813b7b2,"UFC Fight Night: Belfort vs. GastelumMarch 11, 2017","Fortaleza, Ceara, Brazil"
http://ufcstats.com/event-details/20e403a1acfef130,"UFC 209: Woodley vs. Thompson 2March 04, 2017","Las Vegas, Nevada, USA"
http://ufcstats.com/event-details/b4ad3a06ee4d660c,"UFC Fight Night: Lewis vs. BrowneFebruary 19, 2017","Halifax, Nova Scotia, Canada"
http://ufcstats.com/event-details/865aa315ea62c511,"UFC 208: Holm vs. De RandamieFebruary 11, 2017","Brooklyn, New York, USA"
http://ufcstats.com/event-details/6a8a06b542e1516d,"UFC Fight Night: Bermudez vs. The Korean ZombieFebruary 04, 2017","Houston, Texas, USA"
http://ufcstats.com/event-details/4512e46543b960ad,"UFC on FOX: Shevchenko vs. PenaJanuary 28, 2017","Denver, Colorado, USA"
http://ufcstats.com/event-details/46effbd1135423c5,"UFC Fight Night: Rodriguez vs. PennJanuary 15, 2017","Phoenix, Arizona, USA"
http://ufcstats.com/event-details/4b2390cfaceb91d8,"UFC 207: Nunes vs. RouseyDecember 30, 2016","Las Vegas, Nevada, USA"
http://ufcstats.com/event-details/32541eb5d12668b4,"UFC on FOX: VanZant vs. WatersonDecember 17, 2016","Sacramento, California, USA"
http://ufcstats.com/event-details/6e3282d57d2467a0,"UFC 206: Holloway vs. PettisDecember 10, 2016","Toronto, Ontario, Canada"
http://ufcstats.com/event-details/7139cd2ae4bf6a29,"UFC Fight Night: Lewis vs. AbdurakhimovDecember 09, 2016","Albany, New York, USA"
http://ufcstats.com/event-details/bd4389b71fdc0ce2,"The Ultimate Fighter: Tournament of Champions FinaleDecember 03, 2016","Las Vegas, Nevada, USA"
http://ufcstats.com/event-details/73e09f837f3b5ecc,"UFC Fight Night: Whittaker vs. BrunsonNovember 26, 2016","Melbourne, Victoria, Australia"
http://ufcstats.com/event-details/5cde96e0a1a1fffe,"UFC Fight Night: Bader vs. NogueiraNovember 19, 2016","Sao Paulo, Sao Paulo, Brazil"
http://ufcstats.com/event-details/6810d8d2dd557cf9,"UFC Fight Night: Mousasi vs. Hall 2November 19, 2016","Belfast, Northern Ireland, United Kingdom"
http://ufcstats.com/event-details/4956f60b7fa57c1a,"UFC 205: Alvarez vs McGregorNovember 12, 2016","New York City, New York, USA"
http://ufcstats.com/event-details/6083f497c22cc075,"UFC Fight Night: Dos Anjos vs. FergusonNovember 05, 2016","Mexico City, Distrito Federal, Mexico"
http://ufcstats.com/event-details/154a6b3ffae264cd,"UFC 204: Bisping vs. HendersonOctober 08, 2016","Manchester, England, United Kingdom"
http://ufcstats.com/event-details/a196332ee4aa8a82,"UFC Fight Night: Lineker vs. DodsonOctober 01, 2016","Portland, Oregon, USA"
http://ufcstats.com/event-details/e18012194473e8b0,"UFC Fight Night: Cyborg vs. LansbergSeptember 24, 2016","Brasilia, Distrito Federal, Brazil"
http://ufcstats.com/event-details/d6455cb4bee503ce,"UFC Fight Night: Poirier vs. JohnsonSeptember 17, 2016","Hidalgo, Texas, USA"
http://ufcstats.com/event-details/2dc7f1762dc0a7ef,"UFC 203: Miocic vs. OvereemSeptember 10, 2016","Cleveland, Ohio, USA"
http://ufcstats.com/event-details/2b4faacc16d66898,"UFC Fight Night: Arlovski vs. BarnettSeptember 03, 2016","Hamburg, Hamburg, Germany"
http://ufcstats.com/event-details/cfbccfed4e4796fe,"UFC on FOX: Maia vs. ConditAugust 27, 2016","Vancouver, British Columbia, Canada"
http://ufcstats.com/event-details/5da4e8dc02e50ac0,"UFC 202: Diaz vs. McGregor 2August 20, 2016","Las Vegas, Nevada, USA"
http://ufcstats.com/event-details/232c582f29f8f65e,"UFC Fight Night: Rodriguez vs. CaceresAugust 06, 2016","Salt Lake City, Utah, USA"
http://ufcstats.com/event-details/72cbe507644a587c,"UFC 201: Lawler vs. WoodleyJuly 30, 2016","Atlanta, Georgia, USA"
http://ufcstats.com/event-details/8a028648f3f0761d,"UFC on FOX: Holm vs. ShevchenkoJuly 23, 2016","Chicago, Illinois, USA"
http://ufcstats.com/event-details/5e7a28f20927d64a,"UFC Fight Night: McDonald vs. LinekerJuly 13, 2016","Sioux Falls, South Dakota, USA"
http://ufcstats.com/event-details/aa5b4eff51bdc7d1,"UFC 200: Tate vs NunesJuly 09, 2016","Las Vegas, Nevada, USA"
http://ufcstats.com/event-details/cd42bbe8887bba90,"The Ultimate Fighter: Team Joanna vs. Team Cláudia FinaleJuly 08, 2016","Las Vegas, Nevada, USA"
http://ufcstats.com/event-details/45a2ba3ef82b9700,"UFC Fight Night: Dos Anjos vs. AlvarezJuly 07, 2016","Las Vegas, Nevada, USA"
http://ufcstats.com/event-details/563d051c9e769b24,"UFC Fight Night: MacDonald vs ThompsonJune 18, 2016","Ottawa, Ontario, Canada"
http://ufcstats.com/event-details/ff4c3ab594c7fac3,"UFC 199: Rockhold vs. Bisping 2June 04, 2016","Los Angeles, California, USA"
http://ufcstats.com/event-details/990060b2a68a7b82,"UFC Fight Night: Almeida vs GarbrandtMay 29, 2016","Las Vegas, Nevada, USA"
http://ufcstats.com/event-details/a4bf17bd3ba3423b,"UFC 198: Werdum vs MiocicMay 14, 2016","Curitiba, Parana, Brazil"
http://ufcstats.com/event-details/a314687f372b2cec,"UFC Fight Night: Overeem vs ArlovskiMay 08, 2016","Rotterdam, Zuid-Holland, Netherlands"
http://ufcstats.com/event-details/3d481aa374c954a1,"UFC 197: Jones vs Saint PreuxApril 23, 2016","Las Vegas, Nevada, USA"
http://ufcstats.com/event-details/e7e970d508529bf3,"UFC on FOX: Teixeira vs EvansApril 16, 2016","Tampa, Florida, USA"
http://ufcstats.com/event-details/4887e5bc4dbb73ff,"UFC Fight Night: Rothwell vs Dos SantosApril 10, 2016","Zagreb, Croatia"
http://ufcstats.com/event-details/e60201cfab7d656d,"UFC Fight Night: Hunt vs MirMarch 19, 2016","Brisbane, Queensland, Australia"
http://ufcstats.com/event-details/db1f2ed63b54b9a7,"UFC 196: McGregor vs DiazMarch 05, 2016","Las Vegas, Nevada, USA"
http://ufcstats.com/event-details/39c568f8c579913e,"UFC Fight Night: Silva vs BispingFebruary 27, 2016","London, England, United Kingdom"
http://ufcstats.com/event-details/d56bb6dff2ae77eb,"UFC Fight Night: Cowboy vs CowboyFebruary 21, 2016","Pittsburgh, Pennsylvania, USA"
http://ufcstats.com/event-details/de99da2c0d18d34a,"UFC Fight Night: Hendricks vs ThompsonFebruary 06, 2016","Las Vegas, Nevada, USA"
http://ufcstats.com/event-details/b3fb8d2293e17a59,"UFC on FOX: Johnson vs. BaderJanuary 30, 2016","Newark, New Jersey, USA"
http://ufcstats.com/event-details/c6becb722706c7d8,"UFC Fight Night: Dillashaw vs CruzJanuary 17, 2016","Boston, Massachusetts, USA"
http://ufcstats.com/event-details/380e8b023290d091,"UFC 195: Lawler vs ConditJanuary 02, 2016","Las Vegas, Nevada, USA"
http://ufcstats.com/event-details/80d918336163b80c,"UFC on FOX: Dos Anjos vs. Cowboy 2December 19, 2015","Orlando, Florida, USA"
http://ufcstats.com/event-details/354808cf38d9d73c,"UFC 194: Aldo vs McGregorDecember 12, 2015","Las Vegas, Nevada, USA"
http://ufcstats.com/event-details/20fbff570c678e1c,"The Ultimate Fighter: Team McGregor vs. Team Faber FinaleDecember 11, 2015","Las Vegas, Nevada, USA"
http://ufcstats.com/event-details/dd39f1ca787a3d9d,"UFC Fight Night: Namajunas vs. VanZantDecember 10, 2015","Las Vegas, Nevada, USA"
http://ufcstats.com/event-details/4d636c3aa1105950,"UFC Fight Night: Henderson vs MasvidalNovember 28, 2015","Seoul, South Korea"
http://ufcstats.com/event-details/243b07fc65ccbb16,"UFC Fight Night: Magny vs GastelumNovember 21, 2015","Monterrey, Nuevo Leon, Mexico"
http://ufcstats.com/event-details/8d04923f2db59b7f,"UFC 193: Rousey vs HolmNovember 14, 2015","Melbourne, Victoria, Australia"
http://ufcstats.com/event-details/5345f86680378fc1,"UFC Fight Night: Belfort vs Henderson 3November 07, 2015","Sao Paulo, Sao Paulo, Brazil"
http://ufcstats.com/event-details/f3155a94ca420126,"UFC Fight Night: Holohan vs SmolkaOctober 24, 2015","Dublin, Leinster, Ireland"
http://ufcstats.com/event-details/119ebea97e914dcf,"UFC 192: Cormier vs GustafssonOctober 03, 2015","Houston, Texas, USA"
http://ufcstats.com/event-details/a4dd5c9a75763295,"UFC Fight Night: Barnett vs NelsonSeptember 26, 2015","Saitama, Japan"
http://ufcstats.com/event-details/82f5c81f4e3c3eb5,"UFC 191: Johnson vs Dodson 2September 05, 2015","Las Vegas, Nevada, USA"
http://ufcstats.com/event-details/2ce6541127b0e232,"UFC Fight Night: Holloway vs OliveiraAugust 23, 2015","Saskatoon, Saskatchewan, Canada"
http://ufcstats.com/event-details/b71667c778b6d9e5,"UFC Fight Night: Teixeira vs Saint PreuxAugust 08, 2015","Nashville, Tennessee, USA"
http://ufcstats.com/event-details/a9c45a8b21eabadc,"UFC 190: Rousey vs CorreiaAugust 01, 2015","Rio de Janeiro, Rio de Janeiro, Brazil"
http://ufcstats.com/event-details/0c3838c8f7c620c2,"UFC on FOX: Dillashaw vs. Barao IIJuly 25, 2015","Chicago, Illinois, USA"
http://ufcstats.com/event-details/ef7fa30364cbe7f2,"UFC Fight Night: Bisping vs LeitesJuly 18, 2015","Glasgow, Scotland, United Kingdom"
http://ufcstats.com/event-details/36877f0e62b25b96,"UFC Fight Night: Mir vs DuffeeJuly 15, 2015","San Diego, California, USA"
http://ufcstats.com/event-details/a890f9a791ed615d,"The Ultimate Fighter: American Top Team vs. Blackzilians FinaleJuly 12, 2015","Las Vegas, Nevada, USA"
http://ufcstats.com/event-details/3be081c29bf734d9,"UFC 189: Mendes vs McGregorJuly 11, 2015","Las Vegas, Nevada, USA"
http://ufcstats.com/event-details/86e388ed20761ad9,"UFC Fight Night: Machida vs RomeroJune 27, 2015","Hollywood, Florida, USA"
http://ufcstats.com/event-details/194fc025f9355db6,"UFC Fight Night: Jedrzejczyk vs PenneJune 20, 2015","Berlin, Berlin, Germany"
http://ufcstats.com/event-details/a58114c6dd0add64,"UFC 188: Velasquez vs WerdumJune 13, 2015","Mexico City, Distrito Federal, Mexico"
http://ufcstats.com/event-details/06dc1a58663579d2,"UFC Fight Night: Boetsch vs HendersonJune 06, 2015","New Orleans, Louisiana, USA"
http://ufcstats.com/event-details/aae0897825336b1a,"UFC Fight Night: Condit vs AlvesMay 30, 2015","Goiania, Goias, Brazil"
http://ufcstats.com/event-details/4f7e290e71d60f87,"UFC 187: Johnson vs CormierMay 23, 2015","Las Vegas, Nevada, USA"
http://ufcstats.com/event-details/b1605ea39fba6af6,"UFC Fight Night: Edgar vs FaberMay 16, 2015","Manila, Philippines"
http://ufcstats.com/event-details/8a1b4330c7957961,"UFC Fight Night: Miocic vs HuntMay 09, 2015","Adelaide, South Australia, Australia"
http://ufcstats.com/event-details/997b4f52f76a0b53,"UFC 186: Johnson vs HoriguchiApril 25, 2015","Montreal, Quebec, Canada"
http://ufcstats.com/event-details/bc7cf284c1c2f16e,"UFC on FOX: Machida vs RockholdApril 18, 2015","Newark, New Jersey, USA"
http://ufcstats.com/event-details/5de61b03868035ff,"UFC Fight Night: Gonzaga vs Cro Cop 2April 11, 2015","Krakow, Poland"
http://ufcstats.com/event-details/16d09e800ad7ec79,"UFC Fight Night: Mendes vs LamasApril 04, 2015","Fairfax, Virginia, USA"
http://ufcstats.com/event-details/fa534853eb195270,"UFC Fight Night: Maia vs LaFlareMarch 21, 2015","Rio de Janeiro, Brazil"
http://ufcstats.com/event-details/f54200f1dfb9b5d4,"UFC 185: Pettis vs Dos AnjosMarch 14, 2015","Dallas, Texas, USA"
http://ufcstats.com/event-details/ad4e9055bf8cd04d,"UFC 184: Rousey vs ZinganoFebruary 28, 2015","Los Angeles, California, USA"
http://ufcstats.com/event-details/0577808d22dfe79c,"UFC Fight Night: Bigfoot vs MirFebruary 22, 2015","Porto Alegre, Rio Grande do Sul, Brazil"
http://ufcstats.com/event-details/f9c7fe2682af3802,"UFC Fight Night: Henderson vs ThatchFebruary 14, 2015","Broomfield, Colorado, USA"
http://ufcstats.com/event-details/43563a32c3f10e95,"UFC 183: Silva vs DiazJanuary 31, 2015","Las Vegas, Nevada, USA"
http://ufcstats.com/event-details/706404da0775dcbc,"UFC on FOX: Gustafsson vs JohnsonJanuary 24, 2015","Stockholm, Sweden"
http://ufcstats.com/event-details/f9aa6376ae16bfb4,"UFC Fight Night: McGregor vs SiverJanuary 18, 2015","Boston, Massachusetts, USA"
http://ufcstats.com/event-details/a72d260b436924c4,"UFC 182: Jones vs CormierJanuary 03, 2015","Las Vegas, Nevada, USA"
http://ufcstats.com/event-details/4e5bbc4566049cbf,"UFC Fight Night: Machida vs DollawayDecember 20, 2014","Barueri, Sao Paulo, Brazil"
http://ufcstats.com/event-details/d4a12dfa4067742f,"UFC on FOX: Dos Santos vs MiocicDecember 13, 2014","Phoenix, Arizona, USA"
http://ufcstats.com/event-details/222d6b547de2e035,"The Ultimate Fighter: A Champion Will Be Crowned FinaleDecember 12, 2014","Las Vegas, Nevada, USA"
http://ufcstats.com/event-details/dfdd0c5dd0d4bc23,"UFC 181: Hendricks vs Lawler IIDecember 06, 2014","Las Vegas, Nevada, USA"
http://ufcstats.com/event-details/155a02a8b4311057,"UFC Fight Night: Edgar vs SwansonNovember 22, 2014","Austin, Texas, USA"
http://ufcstats.com/event-details/59851163aaf1aed8,"UFC 180: Werdum vs HuntNovember 15, 2014","Mexico City, Distrito Federal, Mexico"
http://ufcstats.com/event-details/6ca68b636fbc1f18,"UFC Fight Night 56: Shogun vs Saint PreuxNovember 08, 2014","Uberlandia, Minas Gerais, Brazil"
http://ufcstats.com/event-details/371a1c91b24dec2b,"UFC Fight Night: Rockhold vs BispingNovember 07, 2014","Sydney, New South Wales, Australia"
http://ufcstats.com/event-details/53f02bbc41d99432,"UFC 179: Aldo vs Mendes 2October 25, 2014","Rio de Janeiro, Brazil"
http://ufcstats.com/event-details/0313bf497de9c470,"UFC Fight Night: MacDonald vs SaffiedineOctober 04, 2014","Halifax, Nova Scotia, Canada"
http://ufcstats.com/event-details/8dc4f34c1f50d00d,"UFC Fight Night: Nelson vs StoryOctober 04, 2014","Stockholm, Sweden"
http://ufcstats.com/event-details/3bb030257966b022,"UFC 178: Johnson vs CariasoSeptember 27, 2014","Las Vegas, Nevada, USA"
http://ufcstats.com/event-details/2dea80c069847321,"UFC Fight Night: Hunt vs NelsonSeptember 20, 2014","Saitama, Japan"
http://ufcstats.com/event-details/a71feb7ea7592a71,"UFC Fight Night: Bigfoot vs ArlovskiSeptember 13, 2014","Brasilia, Distrito Federal, Brazil"
http://ufcstats.com/event-details/9bcfb40dbcd50568,"UFC Fight Night: Jacare vs MousasiSeptember 05, 2014","Ledyard, Connecticut, USA"
http://ufcstats.com/event-details/269d103c96a4c3a5,"UFC 177: Dillashaw vs SotoAugust 30, 2014","Sacramento, California, USA"
http://ufcstats.com/event-details/063649e21bc9d6d5,"UFC Fight Night: Henderson vs Dos AnjosAugust 23, 2014","Tulsa, Oklahoma, USA"
http://ufcstats.com/event-details/770b9d4813c25902,"UFC Fight Night: Bisping vs LeAugust 23, 2014","Macau, China"
http://ufcstats.com/event-details/fd7acf42bd6e7e95,"UFC Fight Night: Bader vs Saint PreuxAugust 16, 2014","Bangor, Maine, USA"
http://ufcstats.com/event-details/05fbfe628658c538,"UFC on FOX: Lawler vs BrownJuly 26, 2014","San Jose, California, USA"
http://ufcstats.com/event-details/073eee4e62f0d988,"UFC Fight Night: McGregor vs BrandaoJuly 19, 2014","Dublin, Leinster, Ireland"
http://ufcstats.com/event-details/79ded75550efc139,"UFC Fight Night: Cowboy vs MillerJuly 16, 2014","Atlantic City, New Jersey, USA"
http://ufcstats.com/event-details/1c5879330d42255f,"The Ultimate Fighter: Team Edgar vs. Team Penn FinaleJuly 06, 2014","Las Vegas, Nevada, USA"
http://ufcstats.com/event-details/53adf5b845d91e4a,"UFC 175: Weidman vs MachidaJuly 05, 2014","Las Vegas, Nevada, USA"
http://ufcstats.com/event-details/c0ed7b208197e8de,"UFC Fight Night: Swanson vs StephensJune 28, 2014","San Antonio, Texas, USA"
http://ufcstats.com/event-details/ac9521250dc1a14c,"UFC Fight Night: Te Huna vs MarquardtJune 28, 2014","Auckland, New Zealand"
http://ufcstats.com/event-details/5b5307450405abf0,"UFC 174: Johnson vs BagautinovJune 14, 2014","Vancouver, British Columbia, Canada"
http://ufcstats.com/event-details/1fcfc3709fe58151,"UFC Fight Night: Henderson vs KhabilovJune 07, 2014","Albuquerque, New Mexico, USA"
http://ufcstats.com/event-details/59aaf2730b84698a,"UFC Fight Night: Miocic vs MaldonadoMay 31, 2014","Sao Paulo, Brazil"
http://ufcstats.com/event-details/b757c73f443d4fca,"UFC Fight Night: Munoz vs MousasiMay 31, 2014","Berlin, Germany"
http://ufcstats.com/event-details/9ca265dfe8323db3,"UFC 173: Barao vs DillashawMay 24, 2014","Las Vegas, Nevada, USA"
http://ufcstats.com/event-details/579fcdfcabd23a7b,"UFC Fight Night: Brown vs SilvaMay 10, 2014","Cincinnati, Ohio, USA"
http://ufcstats.com/event-details/4f2fcbefb668689d,"UFC 172: Jones vs TeixeiraApril 26, 2014","Baltimore, Maryland, USA"
http://ufcstats.com/event-details/a421465acbe59c77,"UFC on FOX: Werdum vs BrowneApril 19, 2014","Orlando, Florida, USA"
http://ufcstats.com/event-details/f9f07bb5a43535ed,"UFC Fight Night: Bisping vs KennedyApril 16, 2014","Quebec City, Quebec, Canada"
http://ufcstats.com/event-details/d632d156c0549e07,"UFC Fight Night: Minotauro vs NelsonApril 11, 2014","Abu Dhabi, United Arab Emirates"
http://ufcstats.com/event-details/d5f820c11a121050,"UFC Fight Night: Shogun vs Henderson 2March 23, 2014","Natal, Rio Grande do Norte, Brazil"
http://ufcstats.com/event-details/179f1948dc234f1f,"UFC 171: Hendricks vs LawlerMarch 15, 2014","Dallas, Texas, USA"
http://ufcstats.com/event-details/ebc1f40e00e0c481,"UFC Fight Night: Gustafsson vs ManuwaMarch 08, 2014","London, England, United Kingdom"
http://ufcstats.com/event-details/a26198ba5093147e,"UFC Fight Night: Kim vs HathawayMarch 01, 2014","Macau, China"
http://ufcstats.com/event-details/3138fab619faf4d1,"UFC 170: Rousey vs McMannFebruary 22, 2014","Las Vegas, Nevada, USA"
http://ufcstats.com/event-details/51b0bb73a1da34bc,"UFC Fight Night: Machida vs MousasiFebruary 15, 2014","Jaragua do Sul, Santa Catarina, Brazil"
http://ufcstats.com/event-details/fc31f896cde2bc2e,"UFC 169: Barao vs Faber 2February 01, 2014","Newark, New Jersey, USA"
http://ufcstats.com/event-details/a8d521d913df4e31,"UFC on FOX: Henderson vs ThomsonJanuary 25, 2014","Chicago, Illinois, USA"
http://ufcstats.com/event-details/30a09e43f15f1d75,"UFC Fight Night: Rockhold vs PhilippouJanuary 15, 2014","Duluth, Georgia, USA"
http://ufcstats.com/event-details/e5c9de15bb58b1c6,"UFC Fight Night: Saffiedine vs LimJanuary 04, 2014","Singapore, Singapore"
http://ufcstats.com/event-details/83d0de122f2f9664,"UFC 168: Weidman vs Silva 2December 28, 2013","Las Vegas, Nevada, USA"
http://ufcstats.com/event-details/480b702debcb5433,"UFC on FOX: Johnson vs. Benavidez 2December 14, 2013","Sacramento, California, USA"
http://ufcstats.com/event-details/ee457ef1e1c326c1,"UFC Fight Night: Hunt vs BigfootDecember 06, 2013","Brisbane, Queensland, Australia"
http://ufcstats.com/event-details/9a967e8e43dcef63,"The Ultimate Fighter: Team Rousey vs. Team Tate FinaleNovember 30, 2013","Las Vegas, Nevada, USA"
http://ufcstats.com/event-details/28f3c2258a1d8874,"UFC 167: St-Pierre vs HendricksNovember 16, 2013","Las Vegas, Nevada, USA"
http://ufcstats.com/event-details/5d7c18191b8aa432,"UFC Fight Night: Belfort vs Henderson 2November 09, 2013","Goiania, Goias, Brazil"
http://ufcstats.com/event-details/35dc6220b113b7ec,"UFC Fight Night: Fight for the Troops 3November 06, 2013","Fort Campbell, Kentucky, USA"
http://ufcstats.com/event-details/60884f31ead1609c,"UFC Fight Night: Machida vs MunozOctober 26, 2013","Manchester, England, United Kingdom"
http://ufcstats.com/event-details/eae4aec1a5a8ff01,"UFC 166: Velasquez vs Dos Santos 3October 19, 2013","Houston, Texas, USA"
http://ufcstats.com/event-details/43612456979e5d5e,"UFC Fight Night: Maia vs ShieldsOctober 09, 2013","Barueri, Sao Paulo, Brazil"
http://ufcstats.com/event-details/df5a77121ba84a5d,"UFC 165: Jones vs GustafssonSeptember 21, 2013","Toronto, Ontario, Canada"
http://ufcstats.com/event-details/b23fca14c7b79935,"UFC Fight Night: Teixeira vs BaderSeptember 04, 2013","Belo Horizonte, Minas Gerais, Brazil"
http://ufcstats.com/event-details/980b4e712489098e,"UFC 164: Henderson vs Pettis 2August 31, 2013","Milwaukee, Wisconsin, USA"
http://ufcstats.com/event-details/e5c38954c006f15c,"UFC Fight Night: Condit vs Kampmann 2August 28, 2013","Indianapolis, Indiana, USA"
http://ufcstats.com/event-details/cf1a88371c8cb690,"UFC Fight Night: Shogun vs SonnenAugust 17, 2013","Boston, Massachusetts, USA"
http://ufcstats.com/event-details/ebc5af72ad5a28cb,"UFC 163: Aldo vs JungAugust 03, 2013","Rio de Janeiro, Brazil"
http://ufcstats.com/event-details/5330fe7e4c3af81c,"UFC on FOX: Johnson vs MoragaJuly 27, 2013","Seattle, Washington, USA"
http://ufcstats.com/event-details/e0b74df14f52cd15,"UFC 162: Silva vs WeidmanJuly 06, 2013","Las Vegas, Nevada, USA"
http://ufcstats.com/event-details/8fd1f27e86661ede,"UFC 161: Evans vs HendersonJune 15, 2013","Winnipeg, Manitoba, Canada"
http://ufcstats.com/event-details/7865707fd684d77b,"UFC on FUEL TV: Nogueira vs. WerdumJune 08, 2013","Fortaleza, Ceara, Brazil"
http://ufcstats.com/event-details/3c241737a6069b9f,"UFC 160: Velasquez vs Silva 2May 25, 2013","Las Vegas, Nevada, USA"
http://ufcstats.com/event-details/030f08370fd1c2bb,"UFC on FX: Belfort vs. RockholdMay 18, 2013","Jaragua do Sul, Santa Catarina, Brazil"
http://ufcstats.com/event-details/ea0ad155451ed1f5,"UFC 159: Jones vs SonnenApril 27, 2013","Newark, New Jersey, USA"
http://ufcstats.com/event-details/aa79d5399571068e,"UFC on FOX: Henderson vs MelendezApril 20, 2013","San Jose, California, USA"
http://ufcstats.com/event-details/ce47f49e5c386a9c,"The Ultimate Fighter: Team Jones vs. Team Sonnen FinaleApril 13, 2013","Las Vegas, Nevada, USA"
http://ufcstats.com/event-details/6291ac0a3726732f,"UFC on FUEL TV: Mousasi vs LatifiApril 06, 2013","Stockholm, Sweden"
http://ufcstats.com/event-details/f1b2a4365799c48b,"UFC 158: St-Pierre vs DiazMarch 16, 2013","Montreal, Quebec, Canada"
http://ufcstats.com/event-details/83c6c3e0f8bde8ee,"UFC on FUEL TV: Silva vs. StannMarch 02, 2013","Saitama, Japan"
http://ufcstats.com/event-details/09c44b317c98bf96,"UFC 157: Rousey vs CarmoucheFebruary 23, 2013","Anaheim, California, USA"
http://ufcstats.com/event-details/4679a38cced7c64a,"UFC on FUEL TV: Barao vs McDonaldFebruary 16, 2013","London, England, United Kingdom"
http://ufcstats.com/event-details/601cf40c09090853,"UFC 156: Aldo vs EdgarFebruary 02, 2013","Las Vegas, Nevada, USA"
http://ufcstats.com/event-details/738acab0c6934dd8,"UFC on FOX: Johnson vs DodsonJanuary 26, 2013","Chicago, Illinois, USA"
http://ufcstats.com/event-details/56f4b81ec4db61af,"UFC on FX: Belfort vs BispingJanuary 19, 2013","Sao Paulo, Brazil"
http://ufcstats.com/event-details/c6e6926a81adcd00,"UFC 155: Dos Santos vs Velasquez IIDecember 29, 2012","Las Vegas, Nevada, USA"
http://ufcstats.com/event-details/c6da1c24fe473418,"The Ultimate Fighter: Team Carwin vs. Team Nelson FinaleDecember 15, 2012","Las Vegas, Nevada, USA"
http://ufcstats.com/event-details/e8c170a64dc920ac,"UFC on FX: Sotiropoulos vs PearsonDecember 14, 2012","Gold Coast, Queensland, Australia"
http://ufcstats.com/event-details/d1e6a6536ee62517,"UFC on FOX: Henderson vs DiazDecember 08, 2012","Seattle, Washington, USA"
http://ufcstats.com/event-details/d41937647eae9a34,"UFC 154: St-Pierre vs ConditNovember 17, 2012","Montreal, Quebec, Canada"
http://ufcstats.com/event-details/319fa1bd3176bded,"UFC Macao: Franklin vs LeNovember 10, 2012","Macau, China"
http://ufcstats.com/event-details/96d173b7f92aa520,"UFC 153: Silva vs BonnarOctober 13, 2012","Rio de Janeiro, Brazil"
http://ufcstats.com/event-details/6a0b80a24f22e152,"UFC on FX: Browne vs BigfootOctober 05, 2012","Minneapolis, Minnesota, USA"
http://ufcstats.com/event-details/6cbb7661c3258617,"UFC on FUEL TV: Struve vs MiocicSeptember 29, 2012","Nottingham, England, United Kingdom"
http://ufcstats.com/event-details/53e533db1b8e9712,"UFC 152: Jones vs BelfortSeptember 22, 2012","Toronto, Ontario, Canada"
http://ufcstats.com/event-details/3c48019bc387b80c,"UFC 150: Henderson vs Edgar IIAugust 11, 2012","Denver, Colorado, USA"
http://ufcstats.com/event-details/f62850b3c7480db9,"UFC on FOX: Shogun vs VeraAugust 04, 2012","Los Angeles, California, USA"
http://ufcstats.com/event-details/abbc4fc02e0d84b3,"UFC 149: Faber vs BaraoJuly 21, 2012","Calgary, Alberta, Canada"
http://ufcstats.com/event-details/d3b5ad3b15a64a18,"UFC on FUEL TV: Munoz vs WeidmanJuly 11, 2012","San Jose, California, USA"
http://ufcstats.com/event-details/e8efeb9cf33b1941,"UFC 148: Silva vs Sonnen 2July 07, 2012","Las Vegas, Nevada, USA"
http://ufcstats.com/event-details/3da19339ee7051d5,"UFC 147: Silva vs Franklin 2June 23, 2012","Belo Horizonte, Minas Gerais, Brazil"
http://ufcstats.com/event-details/505934897b8b4824,"UFC on FX: Maynard vs GuidaJune 22, 2012","Atlantic City, New Jersey, USA"
http://ufcstats.com/event-details/49590e0508b2c19f,"UFC on FX: Johnson vs McCallJune 08, 2012","Sunrise, Florida, USA"
http://ufcstats.com/event-details/96087e90d900f0ef,"The Ultimate Fighter: Live FinaleJune 01, 2012","Las Vegas, Nevada, USA"
http://ufcstats.com/event-details/4985113c0928aa62,"UFC 146: Dos Santos vs MirMay 26, 2012","Las Vegas, Nevada, USA"
http://ufcstats.com/event-details/8caca5857ce0e30b,"UFC on FUEL TV: Korean Zombie vs PoirierMay 15, 2012","Fairfax, Virginia, USA"
http://ufcstats.com/event-details/5898357a45a73674,"UFC on FOX: Diaz vs MillerMay 05, 2012","East Rutherford, New Jersey, USA"
http://ufcstats.com/event-details/155bfc7ed36622df,"UFC 145: Jones vs EvansApril 21, 2012","Atlanta, Georgia, USA"
http://ufcstats.com/event-details/21f2974fd08085e3,"UFC on FUEL TV: Gustafsson vs SilvaApril 14, 2012","Stockholm, Sweden"
http://ufcstats.com/event-details/b5ea750025697880,"UFC on FX: Alves vs KampmannMarch 02, 2012","Sydney, New South Wales, Australia"
http://ufcstats.com/event-details/8377c5572cb356f3,"UFC 144: Edgar vs HendersonFebruary 25, 2012","Saitama, Japan"
http://ufcstats.com/event-details/0a97691039c4bbfb,"UFC on FUEL TV: Sanchez vs EllenbergerFebruary 15, 2012","Omaha, Nebraska, USA"
http://ufcstats.com/event-details/df2cf66d8c0123db,"UFC 143: Diaz vs ConditFebruary 04, 2012","Las Vegas, Nevada, USA"
http://ufcstats.com/event-details/c3c23c99477c041b,"UFC on FOX: Evans vs DavisJanuary 28, 2012","Chicago, Illinois, USA"
http://ufcstats.com/event-details/4d74641fac830182,"UFC on FX: Guillard vs MillerJanuary 20, 2012","Nashville, Tennessee, USA"
http://ufcstats.com/event-details/18524b46c570730b,"UFC 142: Aldo vs MendesJanuary 14, 2012","Rio de Janeiro, Brazil"
http://ufcstats.com/event-details/91720876db0ee468,"UFC 141: Lesnar vs OvereemDecember 30, 2011","Las Vegas, Nevada, USA"
http://ufcstats.com/event-details/6d7886b094b471ac,"UFC 140: Jones vs MachidaDecember 10, 2011","Toronto, Ontario, Canada"
http://ufcstats.com/event-details/1f5f75658551f2d3,"The Ultimate Fighter: Team Bisping vs Team Miller FinaleDecember 03, 2011","Las Vegas, Nevada, USA"
http://ufcstats.com/event-details/0ec821423baa26bd,"UFC 139: Shogun vs HendersonNovember 19, 2011","San Jose, California, USA"
http://ufcstats.com/event-details/1c061eb6e29eaa0a,"UFC on FOX: Velasquez vs Dos SantosNovember 12, 2011","Anaheim, California, USA"
http://ufcstats.com/event-details/e780ccc79a209985,"UFC 138: Leben vs MunozNovember 05, 2011","Birmingham, England, United Kingdom"
http://ufcstats.com/event-details/8788beb528894f33,"UFC 137: Penn vs DiazOctober 29, 2011","Las Vegas, Nevada, USA"
http://ufcstats.com/event-details/7d5b12de1625984e,"UFC 136: Edgar vs Maynard 3October 08, 2011","Houston, Texas, USA"
http://ufcstats.com/event-details/44f9c777fed7ca03,"UFC Live: Cruz vs JohnsonOctober 01, 2011","Washington, DC, USA"
http://ufcstats.com/event-details/73ef22f25d0f70e2,"UFC 135: Jones vs RampageSeptember 24, 2011","Denver, Colorado, USA"
http://ufcstats.com/event-details/1ffc38f67785797b,"UFC Fight Night: Shields vs EllenbergerSeptember 17, 2011","New Orleans, Louisiana, USA"
http://ufcstats.com/event-details/18968f97ad34f15c,"UFC 134: Silva vs OkamiAugust 27, 2011","Rio de Janeiro, Brazil"
http://ufcstats.com/event-details/4c8d6fde2dde07c4,"UFC Live: Hardy vs LytleAugust 14, 2011","Milwaukee, Wisconsin, USA"
http://ufcstats.com/event-details/f1f9e48a0d150757,"UFC 133: Evans vs Ortiz 2August 06, 2011","Philadelphia, Pennsylvania, USA"
http://ufcstats.com/event-details/83fd97284f4bb4a4,"UFC 132: Cruz vs FaberJuly 02, 2011","Las Vegas, Nevada, USA"
http://ufcstats.com/event-details/d023ae89a2a4a41e,"UFC Live: Kongo vs BarryJune 26, 2011","Pittsburgh, Pennsylvania, USA"
http://ufcstats.com/event-details/aac5ac38148f0528,"UFC 131: Dos Santos vs CarwinJune 11, 2011","Vancouver, British Columbia, Canada"
http://ufcstats.com/event-details/3ba3b5cc94498437,"The Ultimate Fighter: Team Lesnar vs Team dos Santos FinaleJune 04, 2011","Las Vegas, Nevada, USA"
http://ufcstats.com/event-details/b732b326c362fb62,"UFC 130: Rampage vs HamillMay 28, 2011","Las Vegas, Nevada, USA"
http://ufcstats.com/event-details/2db7fa8db6bc9632,"UFC 129: St-Pierre vs ShieldsApril 30, 2011","Toronto, Ontario, Canada"
http://ufcstats.com/event-details/8a59d346dc976a10,"UFC Fight Night: Nogueira vs DavisMarch 26, 2011","Seattle, Washington, USA"
http://ufcstats.com/event-details/1411c630ba711b64,"UFC 128: Shogun vs JonesMarch 19, 2011","Newark, New Jersey, USA"
http://ufcstats.com/event-details/a54fc2d6fc224dc3,"UFC Live: Sanchez vs KampmannMarch 03, 2011","Louisville, Kentucky, USA"
http://ufcstats.com/event-details/88a9bc81271ccd89,"UFC 127: Penn vs FitchFebruary 26, 2011","Sydney, New South Wales, Australia"
http://ufcstats.com/event-details/65ddc8a9ac4e8531,"UFC 126: Silva vs BelfortFebruary 05, 2011","Las Vegas, Nevada, USA"
http://ufcstats.com/event-details/282fa667ff9c51ed,"UFC Fight Night: Fight for the Troops 2January 22, 2011","Killeen, Texas, USA"
http://ufcstats.com/event-details/d1152823307d7e7c,"UFC 125: ResolutionJanuary 01, 2011","Las Vegas, Nevada, USA"
http://ufcstats.com/event-details/132f860d02953f4c,"UFC 124: St-Pierre vs Koscheck 2December 11, 2010","Montreal, Quebec, Canada"
http://ufcstats.com/event-details/5d7bdab5e03e3216,"The Ultimate Fighter: Team GSP vs Team Koscheck FinaleDecember 04, 2010","Las Vegas, Nevada, USA"
http://ufcstats.com/event-details/dd992d569aaebee6,"UFC 123: Rampage vs MachidaNovember 20, 2010","Auburn Hills, Michigan, USA"
http://ufcstats.com/event-details/0ff11cc094e887bc,"UFC 122: Marquardt vs OkamiNovember 13, 2010","Oberhausen, North Rhine-Westphalia, Germany"
http://ufcstats.com/event-details/afdb76fbd86f6d11,"UFC 121: Lesnar vs VelasquezOctober 23, 2010","Anaheim, California, USA"
http://ufcstats.com/event-details/d512d9f204059f57,"UFC 120: Bisping vs AkiyamaOctober 16, 2010","London, England, United Kingdom"
http://ufcstats.com/event-details/ad32471f01e7b1a5,"UFC 119: Mir vs Cro CopSeptember 25, 2010","Indianapolis, Indiana, USA"
http://ufcstats.com/event-details/acff437707625fc7,"UFC Fight Night: Marquardt vs PalharesSeptember 15, 2010","Austin, Texas, USA"
http://ufcstats.com/event-details/054defd5420a551f,"UFC 118: Edgar vs Penn 2August 28, 2010","Boston, Massachusetts, USA"
http://ufcstats.com/event-details/2f3f12002564bb55,"UFC 117: Silva vs SonnenAugust 07, 2010","Oakland, California, USA"
http://ufcstats.com/event-details/f12f979b657ab876,"UFC Live: Jones vs MatyushenkoAugust 01, 2010","San Diego, California, USA"
http://ufcstats.com/event-details/140745cbbcb023ac,"UFC 116: Lesnar vs CarwinJuly 03, 2010","Las Vegas, Nevada, USA"
http://ufcstats.com/event-details/9bcf8603ceb25680,"The Ultimate Fighter: Team Liddell vs Team Ortiz FinaleJune 19, 2010","Las Vegas, Nevada, USA"
http://ufcstats.com/event-details/cfb65863d5099327,"UFC 115: Liddell vs FranklinJune 12, 2010","Vancouver, British Columbia, Canada"
http://ufcstats.com/event-details/bfc2fc38a0e20211,"UFC 114: Rampage vs EvansMay 29, 2010","Las Vegas, Nevada, USA"
http://ufcstats.com/event-details/d0c29452d3272603,"UFC 113: Machida vs Shogun 2May 08, 2010","Montreal, Quebec, Canada"
http://ufcstats.com/event-details/24b033b3daf1c9df,"UFC 112: InvincibleApril 10, 2010","Abu Dhabi, United Arab Emirates"
http://ufcstats.com/event-details/3ed134d85dfbd7b4,"UFC Fight Night: Florian vs GomiMarch 31, 2010","Charlotte, North Carolina, USA"
http://ufcstats.com/event-details/c80095f6092271a7,"UFC 111: St-Pierre vs HardyMarch 27, 2010","Newark, New Jersey, USA"
http://ufcstats.com/event-details/3795fca327cbcf23,"UFC Live: Vera vs JonesMarch 21, 2010","Broomfield, Colorado, USA"
http://ufcstats.com/event-details/49efbdc6c9f650c4,"UFC 110: Nogueira vs VelasquezFebruary 20, 2010","Sydney, New South Wales, Australia"
http://ufcstats.com/event-details/15edcf67ccf5be84,"UFC 109: RelentlessFebruary 06, 2010","Las Vegas, Nevada, USA"
http://ufcstats.com/event-details/58bc81376286b3d3,"UFC Fight Night: Maynard vs DiazJanuary 11, 2010","Fairfax, Virginia, USA"
http://ufcstats.com/event-details/a6d8bfe9e0c8153b,"UFC 108: Evans vs SilvaJanuary 02, 2010","Las Vegas, Nevada, USA"
http://ufcstats.com/event-details/821cd80aab70d5f9,"UFC 107: Penn vs SanchezDecember 12, 2009","Memphis, Tennessee, USA"
http://ufcstats.com/event-details/91d73ee59347ac16,"The Ultimate Fighter: Heavyweights FinaleDecember 05, 2009","Las Vegas, Nevada, USA"
http://ufcstats.com/event-details/84a067c46306a737,"UFC 106: Ortiz vs Griffin 2November 21, 2009","Las Vegas, Nevada, USA"
http://ufcstats.com/event-details/fa8b9e6b0c2269f8,"UFC 105: Couture vs VeraNovember 14, 2009","Manchester, England, United Kingdom"
http://ufcstats.com/event-details/7c0847d3854a95f2,"UFC 104: Machida vs ShogunOctober 24, 2009","Los Angeles, California, USA"
http://ufcstats.com/event-details/896c322f56b8be5a,"UFC 103: Franklin vs BelfortSeptember 19, 2009","Dallas, Texas, USA"
http://ufcstats.com/event-details/a8ea84cbe1655f0a,"UFC Fight Night: Diaz vs GuillardSeptember 16, 2009","Oklahoma City, Oklahoma, USA"
http://ufcstats.com/event-details/c6a33ff198aaaeeb,"UFC 102: Couture vs NogueiraAugust 29, 2009","Portland, Oregon, USA"
http://ufcstats.com/event-details/48d1f690b763934c,"UFC 101: DeclarationAugust 08, 2009","Philadelphia, Pennsylvania, USA"
http://ufcstats.com/event-details/0ee783aa00e468f0,"UFC 100July 11, 2009","Las Vegas, Nevada, USA"
http://ufcstats.com/event-details/4908c5ee68a50ee5,"The Ultimate Fighter: United States vs. United Kingdom FinaleJune 20, 2009","Las Vegas, Nevada, USA"
http://ufcstats.com/event-details/cb6783c39c01d896,"UFC 99: The ComebackJune 13, 2009","Cologne, North Rhine-Westphalia, Germany"
http://ufcstats.com/event-details/c4b6099f0d25f75e,"UFC 98: Evans vs MachidaMay 23, 2009","Las Vegas, Nevada, USA"
http://ufcstats.com/event-details/1652f3213655b935,"UFC 97: RedemptionApril 18, 2009","Montreal, Quebec, Canada"
http://ufcstats.com/event-details/04d5718ed2661e8c,"UFC Fight Night: Condit vs KampmannApril 01, 2009","Nashville, Tennessee, USA"
http://ufcstats.com/event-details/29b5791e51e7e832,"UFC 96: Jackson vs JardineMarch 07, 2009","Columbus, Ohio, USA"
http://ufcstats.com/event-details/7d21de9c6d7c98b2,"UFC 95: Sanchez vs StevensonFebruary 21, 2009","London, England, United Kingdom"
http://ufcstats.com/event-details/d1759b2b7be9be56,"UFC Fight Night: Lauzon vs StephensFebruary 07, 2009","Tampa, Florida, USA"
http://ufcstats.com/event-details/2a542ee8a8b83559,"UFC 94: St-Pierre vs Penn 2January 31, 2009","Las Vegas, Nevada, USA"
http://ufcstats.com/event-details/68c6cd5287b473a7,"UFC 93: Franklin vs HendersonJanuary 17, 2009","Dublin, Leinster, Ireland"
http://ufcstats.com/event-details/23ab42947c1990e3,"UFC 92: The Ultimate 2008December 27, 2008","Las Vegas, Nevada, USA"
http://ufcstats.com/event-details/ea398c802d9998ee,"The Ultimate Fighter: Team Nogueira vs. Team Mir FinaleDecember 13, 2008","Las Vegas, Nevada, USA"
http://ufcstats.com/event-details/30cd319d39ee689b,"UFC Fight Night - Fight for the TroopsDecember 10, 2008","Fayetteville, North Carolina, USA"
http://ufcstats.com/event-details/a2b06ca02bca14c0,"UFC 91: Couture vs LesnarNovember 15, 2008","Las Vegas, Nevada, USA"
http://ufcstats.com/event-details/c670aa48827d6be6,"UFC 90: Silva vs CoteOctober 25, 2008","Rosemont, Illinois, USA"
http://ufcstats.com/event-details/312f47c3d2f83ffa,"UFC 89: Bisping vs LebenOctober 18, 2008","Birmingham, England, United Kingdom"
http://ufcstats.com/event-details/279093302a6f44b3,"UFC Fight Night: Diaz vs NeerSeptember 17, 2008","Omaha, Nebraska, USA"
http://ufcstats.com/event-details/0db70ca89e1c7374,"UFC 88: BreakthroughSeptember 06, 2008","Atlanta, Georgia, USA"
http://ufcstats.com/event-details/19ffeb5e3fffd6d5,"UFC 87: Seek And DestroyAugust 09, 2008","Minneapolis, Minnesota, USA"
http://ufcstats.com/event-details/46f11d15c0134fe3,"UFC: Silva vs IrvinJuly 19, 2008","Las Vegas, Nevada, USA"
http://ufcstats.com/event-details/bf12aca029bfcc47,"UFC 86: Jackson vs GriffinJuly 05, 2008","Las Vegas, Nevada, USA"
http://ufcstats.com/event-details/2299605af59fd309,"The Ultimate Fighter: Team Rampage vs Team Forrest FinaleJune 21, 2008","Las Vegas, Nevada, USA"
http://ufcstats.com/event-details/2efbc83a6b9b7f86,"UFC 85: BedlamJune 07, 2008","London, England, United Kingdom"
http://ufcstats.com/event-details/2549d63da9c456cb,"UFC 84: Ill WillMay 24, 2008","Las Vegas, Nevada, USA"
http://ufcstats.com/event-details/ad047e3073a775f3,"UFC 83: Serra vs St-Pierre 2April 19, 2008","Montreal, Quebec, Canada"
http://ufcstats.com/event-details/b9e871af730f826c,"UFC Fight Night: Florian vs LauzonApril 02, 2008","Broomfield, Colorado, USA"
http://ufcstats.com/event-details/598a58db87b890ee,"UFC 82: Pride of a ChampionMarch 01, 2008","Columbus, Ohio, USA"
http://ufcstats.com/event-details/597db668b01c442c,"UFC 81: Breaking PointFebruary 02, 2008","Las Vegas, Nevada, USA"
http://ufcstats.com/event-details/33e33d51f289d2a1,"UFC Fight Night: Swick vs BurkmanJanuary 23, 2008","Las Vegas, Nevada, USA"
http://ufcstats.com/event-details/a24e080000fa7a35,"UFC 80: Rapid FireJanuary 19, 2008","Newcastle, England, United Kingdom"
http://ufcstats.com/event-details/7269329bd87eb479,"UFC 79: NemesisDecember 29, 2007","Las Vegas, Nevada, USA"
http://ufcstats.com/event-details/df85d6ec3493d120,"The Ultimate Fighter: Team Hughes vs. Team Serra FinaleDecember 08, 2007","Las Vegas, Nevada, USA"
http://ufcstats.com/event-details/1d147d4163a6989b,"UFC 78: ValidationNovember 17, 2007","Newark, New Jersey, USA"
http://ufcstats.com/event-details/91181b29be041f1c,"UFC 77: Hostile TerritoryOctober 20, 2007","Cincinnati, Ohio, USA"
http://ufcstats.com/event-details/bad28b7b34f334de,"UFC 76: KnockoutSeptember 22, 2007","Anaheim, California, USA"
http://ufcstats.com/event-details/f341f9551ba744e2,"UFC Fight Night: Thomas vs FlorianSeptember 19, 2007","Las Vegas, Nevada, USA"
http://ufcstats.com/event-details/0aa92558424ced9e,"UFC 75: Champion vs ChampionSeptember 08, 2007","London, England, United Kingdom"
http://ufcstats.com/event-details/a5c53b3ddb31cc7d,"UFC 74: RespectAugust 25, 2007","Las Vegas, Nevada, USA"
http://ufcstats.com/event-details/2a6f8136da1e52c0,"UFC 73: StackedJuly 07, 2007","Sacramento, California, USA"
http://ufcstats.com/event-details/e7ec11096eac0282,"The Ultimate Fighter: Team Pulver vs. Team Penn FinaleJune 23, 2007","Las Vegas, Nevada, USA"
http://ufcstats.com/event-details/5ca158b1cc9cb242,"UFC 72: VictoryJune 16, 2007","Belfast, Northern Ireland, United Kingdom"
http://ufcstats.com/event-details/304fcd812f12c589,"UFC Fight Night: Stout vs FisherJune 12, 2007","Hollywood, Florida, USA"
http://ufcstats.com/event-details/2e04a3b4a2011b97,"UFC 71: Liddell vs JacksonMay 26, 2007","Las Vegas, Nevada, USA"
http://ufcstats.com/event-details/4604ab1de9058474,"UFC 70: Nations CollideApril 21, 2007","Manchester, England, United Kingdom"
http://ufcstats.com/event-details/c1684f00c626f4c0,"UFC 69: ShootoutApril 07, 2007","Houston, Texas, USA"
http://ufcstats.com/event-details/a6c2f5381d575920,"UFC Fight Night: Stevenson vs GuillardApril 05, 2007","Las Vegas, Nevada, USA"
http://ufcstats.com/event-details/de3ed2e152520c8d,"UFC 68: The UprisingMarch 03, 2007","Columbus, Ohio, USA"
http://ufcstats.com/event-details/63b65af1c5cb02cb,"UFC 67: All or NothingFebruary 03, 2007","Las Vegas, Nevada, USA"
http://ufcstats.com/event-details/13c4313ed0f744f3,"UFC Fight Night: Evans vs SalmonJanuary 25, 2007","Hollywood, Florida, USA"
http://ufcstats.com/event-details/ee5df903f80c6816,"UFC 66: Liddell vs Ortiz 2December 30, 2006","Las Vegas, Nevada, USA"
http://ufcstats.com/event-details/21b8a0f5c231096f,"UFC Fight Night: Sanchez vs RiggsDecember 13, 2006","San Diego, California, USA"
http://ufcstats.com/event-details/3fed746acfd026dd,"UFC 65: Bad IntentionsNovember 18, 2006","Sacramento, California, USA"
http://ufcstats.com/event-details/baf942f4bcb09894,"The Ultimate Fighter: The Comeback FinaleNovember 11, 2006","Las Vegas, Nevada, USA"
http://ufcstats.com/event-details/13b2f59210dda9cc,"UFC 64: UnstoppableOctober 14, 2006","Las Vegas, Nevada, USA"
http://ufcstats.com/event-details/577ec7e108b94be3,"Ortiz vs Shamrock 3: The Final ChapterOctober 10, 2006","Hollywood, Florida, USA"
http://ufcstats.com/event-details/13e62d766b709aa6,"UFC 63: Hughes vs PennSeptember 23, 2006","Anaheim, California, USA"
http://ufcstats.com/event-details/f717b6002486f73f,"UFC 62: Liddell vs SobralAugust 26, 2006","Las Vegas, Nevada, USA"
http://ufcstats.com/event-details/46c8ec317aff28ac,"UFC Fight Night 6August 17, 2006","Las Vegas, Nevada, USA"
http://ufcstats.com/event-details/f70144caea5c4c80,"UFC 61: Bitter RivalsJuly 08, 2006","Las Vegas, Nevada, USA"
http://ufcstats.com/event-details/445a98acb8985970,"UFC Fight Night 5June 28, 2006","Las Vegas, Nevada, USA"
http://ufcstats.com/event-details/1dab0d1d81dd06db,"The Ultimate Fighter: Team Ortiz vs. Team Shamrock FinaleJune 24, 2006","Las Vegas, Nevada, USA"
http://ufcstats.com/event-details/a54a35a670d8e852,"UFC 60: Hughes vs GracieMay 27, 2006","Los Angeles, California, USA"
http://ufcstats.com/event-details/03688dc3c3af3ac1,"UFC 59: Reality CheckApril 15, 2006","Anaheim, California, USA"
http://ufcstats.com/event-details/b361180739bed4b0,"UFC Fight Night 4April 06, 2006","Las Vegas, Nevada, USA"
http://ufcstats.com/event-details/0e9869d712e81f8f,"UFC 58: USA vs CanadaMarch 04, 2006","Las Vegas, Nevada, USA"
http://ufcstats.com/event-details/977081bc01197656,"UFC 57: Liddell vs Couture 3February 04, 2006","Las Vegas, Nevada, USA"
http://ufcstats.com/event-details/2ee09ec2a0695eb9,"UFC Fight Night 3January 16, 2006","Las Vegas, Nevada, USA"
http://ufcstats.com/event-details/c7e9d15cfce52f1d,"UFC 56: Full ForceNovember 19, 2005","Las Vegas, Nevada, USA"
http://ufcstats.com/event-details/31ceaf0e670c1578,"The Ultimate Fighter: Team Hughes vs. Team Franklin FinaleNovember 05, 2005","Las Vegas, Nevada, USA"
http://ufcstats.com/event-details/271fe91f4ba9d2c5,"UFC 55: FuryOctober 07, 2005","Uncasville, Connecticut, USA"
http://ufcstats.com/event-details/efaf544314bb5c2e,"UFC Fight Night 2October 03, 2005","Las Vegas, Nevada, USA"
http://ufcstats.com/event-details/669a3cb6e394f515,"UFC 54: Boiling PointAugust 20, 2005","Las Vegas, Nevada, USA"
http://ufcstats.com/event-details/3f24c96753dbd9f9,"UFC Fight Night 1August 06, 2005","Las Vegas, Nevada, USA"
http://ufcstats.com/event-details/d3711d3784b76255,"UFC 53: Heavy HittersJune 04, 2005","Atlantic City, New Jersey, USA"
http://ufcstats.com/event-details/c933d423ebdbbbdb,"UFC 52: Couture vs Liddell 2April 16, 2005","Las Vegas, Nevada, USA"
http://ufcstats.com/event-details/fbbde91f7bc2d3c5,"The Ultimate Fighter: Team Couture vs. Team Liddell FinaleApril 09, 2005","Las Vegas, Nevada, USA"
http://ufcstats.com/event-details/85d905f7c4f5a1af,"UFC 51: Super SaturdayFebruary 05, 2005","Las Vegas, Nevada, USA"
http://ufcstats.com/event-details/ce783bf73b5131f9,"UFC 50: The War Of '04October 22, 2004","Atlantic City, New Jersey, USA"
http://ufcstats.com/event-details/b4bc2e3353a770b5,"UFC 49: Unfinished BusinessAugust 21, 2004","Las Vegas, Nevada, USA"
http://ufcstats.com/event-details/429e7d3725852ce9,"UFC 48: PaybackJune 19, 2004","Las Vegas, Nevada, USA"
http://ufcstats.com/event-details/e8fb8e53bc2e29d6,"UFC 47: It's On!April 02, 2004","Las Vegas, Nevada, USA"
http://ufcstats.com/event-details/94609dd91731d428,"UFC 46: SupernaturalJanuary 31, 2004","Las Vegas, Nevada, USA"
http://ufcstats.com/event-details/e670f8cc2969a789,"UFC 45: RevolutionNovember 21, 2003","Uncasville, Connecticut, USA"
http://ufcstats.com/event-details/c61f66d8c3fd5f07,"UFC 44: UndisputedSeptember 26, 2003","Las Vegas, Nevada, USA"
http://ufcstats.com/event-details/108afe61a26bcbf4,"UFC 43: MeltdownJune 06, 2003","Las Vegas, Nevada, USA"
http://ufcstats.com/event-details/ae58685caf8e4a0d,"UFC 42: Sudden ImpactApril 25, 2003","Miami, Florida, USA"
http://ufcstats.com/event-details/bba678d312590087,"UFC 41: OnslaughtFebruary 28, 2003","Atlantic City, New Jersey, USA"
http://ufcstats.com/event-details/e06fd1260ac865a7,"UFC 40: VendettaNovember 22, 2002","Las Vegas, Nevada, USA"
http://ufcstats.com/event-details/0cf935519d439ba6,"UFC 39: The Warriors ReturnSeptember 27, 2002","Uncasville, Connecticut, USA"
http://ufcstats.com/event-details/1dc56b59cb28425d,"UFC 38: Brawl at the HallJuly 13, 2002","London, England, United Kingdom"
http://ufcstats.com/event-details/9ccdd2ce45903f34,"UFC 37.5: As Real As It GetsJune 22, 2002","Las Vegas, Nevada, USA"
http://ufcstats.com/event-details/9fd1f08dd4aec14a,"UFC 37: High ImpactMay 10, 2002","Bossier City, Louisiana, USA"
http://ufcstats.com/event-details/02fc8f50f56eb307,"UFC 36: Worlds CollideMarch 22, 2002","Las Vegas, Nevada, USA"
http://ufcstats.com/event-details/946f341df6472ee0,"UFC 35: ThrowdownJanuary 11, 2002","Uncasville, Connecticut, USA"
http://ufcstats.com/event-details/4dc496aa0cfc0d95,"UFC 34: High VoltageNovember 02, 2001","Las Vegas, Nevada, USA"
http://ufcstats.com/event-details/c75b99887c8c3f5a,"UFC 33: Victory in VegasSeptember 28, 2001","Las Vegas, Nevada, USA"
http://ufcstats.com/event-details/7b9aa973e5c04624,"UFC 32: Showdown in the MeadowlandsJune 29, 2001","East Rutherford, New Jersey, USA"
http://ufcstats.com/event-details/20bd6c3e03c46ee6,"UFC 31: Locked and LoadedMay 04, 2001","Atlantic City, New Jersey, USA"
http://ufcstats.com/event-details/2b1587a3376ab743,"UFC 30: Battle on the BoardwalkFebruary 23, 2001","Atlantic City, New Jersey, USA"
http://ufcstats.com/event-details/08ae5cd9aef7ddd3,"UFC 29: Defense of the BeltsDecember 16, 2000","Tokyo, Japan"
http://ufcstats.com/event-details/da6dfd09cca1d705,"UFC 28: High StakesNovember 17, 2000","Atlantic City, New Jersey, USA"
http://ufcstats.com/event-details/31652c9267606d54,"UFC 27: Ultimate Bad BoyzSeptember 22, 2000","New Orleans, Louisiana, USA"
http://ufcstats.com/event-details/cedfdf8d423d500c,"UFC 26: Ultimate Field Of DreamsJune 09, 2000","Cedar Rapids, Iowa, USA"
http://ufcstats.com/event-details/d2b1c1317a39f6c6,"UFC 25: Ultimate Japan 3April 14, 2000","Tokyo, Japan"
http://ufcstats.com/event-details/20ec0061400178ca,"UFC 24: First DefenseMarch 10, 2000","Lake Charles, Louisiana, USA"
http://ufcstats.com/event-details/a8fa0c4e95512806,"UFC 23: Ultimate Japan 2November 19, 1999","Chiba, Japan"
http://ufcstats.com/event-details/afaad7d6a581e307,"UFC 22: Only One Can be ChampionSeptember 24, 1999","Lake Charles, Louisiana, USA"
http://ufcstats.com/event-details/1a1a4d7a29041d77,"UFC 21: Return of the ChampionsJuly 16, 1999","Cedar Rapids, Iowa, USA"
http://ufcstats.com/event-details/a7b48e18ca27795d,"UFC 20: Battle for the GoldMay 07, 1999","Birmingham, Alabama, USA"
http://ufcstats.com/event-details/a220be6d41d6f97d,"UFC 19: Ultimate Young GunsMarch 05, 1999","Bay St. Louis, Mississippi, USA"
http://ufcstats.com/event-details/c9bbf1a0285a8076,"UFC 18: The Road to the Heavyweight TitleJanuary 08, 1999","New Orleans, Louisiana, USA"
http://ufcstats.com/event-details/32a3025d5db456ae,"UFC - Ultimate BrazilOctober 16, 1998","Sao Paulo, Brazil"
http://ufcstats.com/event-details/4a01dc8376736ef5,"UFC 17: RedemptionMay 15, 1998","Mobile, Alabama, USA"
http://ufcstats.com/event-details/749685d24e2cac50,"UFC 16: Battle in the BayouMarch 13, 1998","New Orleans, Louisiana, USA"
http://ufcstats.com/event-details/29f935654825331b,"UFC - Ultimate JapanDecember 21, 1997","Yokohama, Kanagawa, Japan"
http://ufcstats.com/event-details/07a18ae55dfc3cd9,"UFC 15: Collision CourseOctober 17, 1997","Bay St. Louis, Mississippi, USA"
http://ufcstats.com/event-details/dc950d59dc590aca,"UFC 14: ShowdownJuly 27, 1997","Birmingham, Alabama, USA"
http://ufcstats.com/event-details/5bd533d50c8e7b8a,"UFC 13: The Ultimate ForceMay 30, 1997","Augusta, Georgia, USA"
http://ufcstats.com/event-details/96eff1a628adcc7f,"UFC 12: Judgement DayFebruary 07, 1997","Dothan, Alabama, USA"
http://ufcstats.com/event-details/9b5b5a75523728f3,"UFC - Ultimate Ultimate '96December 07, 1996","Birmingham, Alabama, USA"
http://ufcstats.com/event-details/6ceff86fae4f6b3b,"UFC 11: The Proving GroundSeptember 20, 1996","Augusta, Georgia, USA"
http://ufcstats.com/event-details/aee8eecfc4bfb1e7,"UFC 10: The TournamentJuly 12, 1996","Birmingham, Alabama, USA"
http://ufcstats.com/event-details/a390eb8a9b2df298,"UFC 9: Motor City MadnessMay 17, 1996","Detroit, Michigan, USA"
http://ufcstats.com/event-details/b63e800c18e011b5,"UFC 8: David vs GoliathFebruary 16, 1996","San Juan, Puerto Rico"
http://ufcstats.com/event-details/31bbd46d57dfbcb7,"UFC - Ultimate Ultimate '95December 16, 1995","Denver, Colorado, USA"
http://ufcstats.com/event-details/5af480a3b2e1726b,"UFC 7: The Brawl in BuffaloSeptember 08, 1995","Buffalo, New York, USA"
http://ufcstats.com/event-details/1c3f5e85b59ec710,"UFC 6: Clash of the TitansJuly 14, 1995","Casper, Wyoming, USA"
http://ufcstats.com/event-details/dedc3bb440d09554,"UFC 5: The Return of the BeastApril 07, 1995","Charlotte, North Carolina, USA"
http://ufcstats.com/event-details/b60391da771deefe,"UFC 4: Revenge of the WarriorsDecember 16, 1994","Tulsa, Oklahoma, USA"
http://ufcstats.com/event-details/1a49e0670dfaca31,"UFC 3: The American DreamSeptember 09, 1994","Charlotte, North Carolina, USA"
http://ufcstats.com/event-details/a6a9ab5a824e8f66,"UFC 2: No Way OutMarch 11, 1994","Denver, Colorado, USA"